season,team,coach
2024,ARZ,Jonathan Gannon
2025,ARZ,Jonathan Gannon
2024,ATL,Raheem Morris
2025,ATL,Raheem Morris
2024,BLT,John Harbaugh
2025,BLT,John Harbaugh
2024,BUF,Sean McDermott
2025,BUF,Sean McDermott
2024,CAR,Dave Canales
2025,CAR,Dave Canales
2024,CHI,Matt Eberflus
2025,CHI,Ben Johnson
2024,CIN,Zac Taylor
2025,CIN,Zac Taylor
2024,CLV,Kevin Stefanski
2025,CLV,Kevin Stefanski
2024,DAL,Mike McCarthy
2025,DAL,Brian Schottenheimer
2024,DEN,Sean Payton
2025,DEN,Sean Payton
2024,DET,Dan Campbell
2025,DET,Dan Campbell
2024,GB,Matt LaFleur
2025,GB,Matt LaFleur
2024,HST,DeMeco Ryans
2025,HST,DeMeco Ryans
2024,IND,Shane Steichen
2025,IND,Shane Steichen
2024,JAX,Doug Pederson
2025,JAX,Liam Coen
2024,KC,Andy Reid
2025,KC,Andy Reid
2024,LA,Sean McVay
2025,LA,Sean McVay
2024,LAC,Jim Harbaugh
2025,LAC,Jim Harbaugh
2024,LV,Antonio Pierce
2025,LV,Pete Carroll
2024,MIA,Mike McDaniel
2025,MIA,Mike McDaniel
2024,MIN,Kevin O'Connell
2025,MIN,Kevin O'Connell
2024,NE,Jerod Mayo
2025,NE,Mike Vrabel
2024,NO,Dennis Allen
2025,NO,Kellen Moore
2024,NYG,Brian Daboll
2025,NYG,Brian Daboll
2024,NYJ,Robert Saleh
2025,NYJ,Aaron Glenn
2024,PHI,Nick Sirianni
2025,PHI,Nick Sirianni
2024,PIT,Mike Tomlin
2025,PIT,Mike Tomlin
2024,SEA,Mike Macdonald
2025,SEA,Mike Macdonald
2024,SF,Kyle Shanahan
2025,SF,Kyle Shanahan
2024,TB,Todd Bowles
2025,TB,Todd Bowles
2024,TEN,Brian Callahan
2025,TEN,Brian Callahan
2024,WAS,Dan Quinn
2025,WAS,Dan Quinn
2026,ARZ,Mike LaFleur
2026,ATL,Kevin Stefanski
2026,BLT,Jesse Minter
2026,BUF,Joe Brady
2026,CAR,Dave Canales
2026,CHI,Ben Johnson
2026,CIN,Zac Taylor
2026,CLV,Todd Monken
2026,DAL,Brian Schottenheimer
2026,DEN,Sean Payton
2026,DET,Dan Campbell
2026,GB,Matt LaFleur
2026,HST,DeMeco Ryans
2026,IND,Shane Steichen
2026,JAX,Liam Coen
2026,KC,Andy Reid
2026,LA,Sean McVay
2026,LAC,Jim Harbaugh
2026,LV,Klint Kubiak
2026,MIA,Jeff Hafley
2026,MIN,Kevin O'Connell
2026,NE,Mike Vrabel
2026,NO,Kellen Moore
2026,NYG,John Harbaugh
2026,NYJ,Aaron Glenn
2026,PHI,Nick Sirianni
2026,PIT,Mike McCarthy
2026,SEA,Mike Macdonald
2026,SF,Kyle Shanahan
2026,TB,Todd Bowles
2026,TEN,Robert Saleh
2026,WAS,Dan Quinn
