week,gameId,teamId,unit,unit_snaps,starters_played,starter_snap_share,qb1,qb1_snaps,season
0,2024001,2120,offense,48,2,9.1,C.J. Stroud,0.0,2024
0,2024001,0810,defense,48,1,2.5,,,2024
0,2024001,0810,offense,35,0,0.0,Caleb Williams,0.0,2024
0,2024001,2120,defense,35,0,0.0,,,2024
1,2024002,0750,offense,47,2,5.4,Bryce Young,0.0,2024
1,2024002,3200,defense,47,6,5.4,,,2024
1,2024002,3200,offense,62,9,18.3,Jacoby Brissett,4.0,2024
1,2024002,0750,defense,62,0,0.0,,,2024
1,2024003,3410,offense,50,4,6.4,Daniel Jones,0.0,2024
1,2024003,1540,defense,50,1,2.0,,,2024
1,2024003,1540,offense,62,0,0.0,Jared Goff,0.0,2024
1,2024003,3410,defense,62,4,13.2,,,2024
1,2024004,0200,offense,70,0,0.0,Kirk Cousins,0.0,2024
1,2024004,2700,defense,70,0,0.0,,,2024
1,2024004,2700,offense,67,0,0.0,Tua Tagovailoa,0.0,2024
1,2024004,0200,defense,67,2,2.2,,,2024
1,2024005,3900,offense,53,11,36.4,Justin Fields,15.0,2024
1,2024005,2120,defense,53,9,15.8,,,2024
1,2024005,2120,offense,58,7,8.2,C.J. Stroud,6.0,2024
1,2024005,3900,defense,58,6,7.2,,,2024
1,2024006,3700,offense,76,2,3.1,Jalen Hurts,0.0,2024
1,2024006,0325,defense,76,3,13.6,,,2024
1,2024006,0325,offense,45,3,13.3,Lamar Jackson,0.0,2024
1,2024006,3700,defense,45,8,15.2,,,2024
1,2024007,5110,offense,66,8,12.0,Jayden Daniels,11.0,2024
1,2024007,3430,defense,66,1,2.3,,,2024
1,2024007,3430,offense,52,1,0.9,Aaron Rodgers,0.0,2024
1,2024007,5110,defense,52,8,9.6,,,2024
1,2024008,0810,offense,51,10,25.8,Caleb Williams,18.0,2024
1,2024008,0610,defense,51,10,18.0,,,2024
1,2024008,0610,offense,56,11,26.6,Josh Allen,8.0,2024
1,2024008,0810,defense,56,7,20.8,,,2024
1,2024009,3000,offense,61,9,16.1,Sam Darnold,12.0,2024
1,2024009,2520,defense,61,11,24.1,,,2024
1,2024009,2520,offense,61,9,27.4,Gardner Minshew,21.0,2024
1,2024009,3000,defense,61,6,11.9,,,2024
1,2024010,1800,offense,62,9,10.6,Jordan Love,3.0,2024
1,2024010,1050,defense,62,3,3.4,,,2024
1,2024010,1050,offense,53,5,6.0,Deshaun Watson,0.0,2024
1,2024010,1800,defense,53,10,18.4,,,2024
1,2024011,0920,offense,49,8,16.3,Joe Burrow,12.0,2024
1,2024011,4900,defense,49,3,6.1,,,2024
1,2024011,4900,offense,69,4,6.5,Baker Mayfield,0.0,2024
1,2024011,0920,defense,69,7,6.1,,,2024
1,2024012,2310,offense,54,9,8.9,Patrick Mahomes,6.0,2024
1,2024012,2250,defense,54,9,14.5,,,2024
1,2024012,2250,offense,54,9,12.0,Trevor Lawrence,8.0,2024
1,2024012,2310,defense,54,7,9.8,,,2024
1,2024013,4500,offense,51,4,10.2,Brock Purdy,0.0,2024
1,2024013,2100,defense,51,6,11.8,,,2024
1,2024013,2100,offense,67,10,16.3,Will Levis,14.0,2024
1,2024013,4500,defense,67,2,3.8,,,2024
1,2024014,4400,offense,49,5,7.8,Justin Herbert,0.0,2024
1,2024014,4600,defense,49,9,11.5,,,2024
1,2024014,4600,offense,76,4,9.7,Geno Smith,0.0,2024
1,2024014,4400,defense,76,7,10.6,,,2024
1,2024015,3300,offense,65,10,17.1,Derek Carr,9.0,2024
1,2024015,3800,defense,65,3,6.3,,,2024
1,2024015,3800,offense,64,1,0.3,Kyler Murray,0.0,2024
1,2024015,3300,defense,64,7,11.6,,,2024
1,2024016,2200,offense,48,11,15.7,Anthony Richardson,7.0,2024
1,2024016,1400,defense,48,8,25.2,,,2024
1,2024016,1400,offense,78,11,24.0,Bo Nix,37.0,2024
1,2024016,2200,defense,78,9,12.7,,,2024
1,2024017,2510,offense,62,1,6.3,Matthew Stafford,0.0,2024
1,2024017,1200,defense,62,3,9.7,,,2024
1,2024017,1200,offense,67,2,9.6,Dak Prescott,0.0,2024
1,2024017,2510,defense,67,0,0.0,,,2024
2,2024018,3200,offense,51,10,26.6,Jacoby Brissett,14.0,2024
2,2024018,3700,defense,51,4,13.7,,,2024
2,2024018,3700,offense,62,0,0.0,Jalen Hurts,0.0,2024
2,2024018,3200,defense,62,5,8.5,,,2024
2,2024019,0325,offense,55,3,13.2,Lamar Jackson,0.0,2024
2,2024019,0200,defense,55,0,0.0,,,2024
2,2024019,0200,offense,63,0,0.0,Kirk Cousins,0.0,2024
2,2024019,0325,defense,63,3,6.1,,,2024
2,2024020,0810,offense,49,10,29.1,Caleb Williams,20.0,2024
2,2024020,0920,defense,49,1,1.1,,,2024
2,2024020,0920,offense,56,0,0.0,Joe Burrow,0.0,2024
2,2024020,0810,defense,56,9,18.7,,,2024
2,2024021,3410,offense,57,10,33.7,Daniel Jones,28.0,2024
2,2024021,2120,defense,57,9,16.9,,,2024
2,2024021,2120,offense,70,9,15.3,C.J. Stroud,15.0,2024
2,2024021,3410,defense,70,11,26.4,,,2024
2,2024022,2310,offense,53,8,23.3,Patrick Mahomes,18.0,2024
2,2024022,1540,defense,53,0,0.0,,,2024
2,2024022,1540,offense,72,0,0.0,Jared Goff,0.0,2024
2,2024022,2310,defense,72,7,8.5,,,2024
2,2024023,3000,offense,52,1,3.3,Sam Darnold,0.0,2024
2,2024023,1050,defense,52,0,0.0,,,2024
2,2024023,1050,offense,57,1,2.9,Deshaun Watson,0.0,2024
2,2024023,3000,defense,57,0,0.0,,,2024
2,2024024,0750,offense,46,2,5.1,Bryce Young,0.0,2024
2,2024024,3430,defense,46,1,2.0,,,2024
2,2024024,3430,offense,55,0,0.0,Aaron Rodgers,0.0,2024
2,2024024,0750,defense,55,0,0.0,,,2024
2,2024025,3800,offense,46,0,0.0,Kyler Murray,0.0,2024
2,2024025,2200,defense,46,2,5.1,,,2024
2,2024025,2200,offense,63,0,0.0,Anthony Richardson,0.0,2024
2,2024025,3800,defense,63,2,3.0,,,2024
2,2024026,5110,offense,69,10,21.6,Jayden Daniels,17.0,2024
2,2024026,2700,defense,69,7,12.3,,,2024
2,2024026,2700,offense,58,7,12.1,Tua Tagovailoa,11.0,2024
2,2024026,5110,defense,58,7,13.9,,,2024
2,2024027,3900,offense,54,11,40.4,Justin Fields,37.0,2024
2,2024027,0610,defense,54,9,16.7,,,2024
2,2024027,0610,offense,51,10,22.5,Josh Allen,0.0,2024
2,2024027,3900,defense,51,8,14.8,,,2024
2,2024028,4600,offense,40,2,10.0,Geno Smith,0.0,2024
2,2024028,2100,defense,40,0,0.0,,,2024
2,2024028,2100,offense,65,0,0.0,Will Levis,0.0,2024
2,2024028,4600,defense,65,1,0.8,,,2024
2,2024029,2510,offense,60,1,4.8,Matthew Stafford,0.0,2024
2,2024029,4400,defense,60,8,16.4,,,2024
2,2024029,4400,offense,59,8,14.2,Justin Herbert,0.0,2024
2,2024029,2510,defense,59,0,0.0,,,2024
2,2024030,4900,offense,49,4,9.3,Baker Mayfield,0.0,2024
2,2024030,2250,defense,49,2,3.9,,,2024
2,2024030,2250,offense,68,3,5.2,Trevor Lawrence,0.0,2024
2,2024030,4900,defense,68,3,7.6,,,2024
2,2024031,2520,offense,70,9,32.5,Gardner Minshew,27.0,2024
2,2024031,1200,defense,70,0,0.0,,,2024
2,2024031,1200,offense,57,3,10.0,Dak Prescott,0.0,2024
2,2024031,2520,defense,57,11,39.6,,,2024
2,2024032,1800,offense,51,1,4.3,Jordan Love,0.0,2024
2,2024032,1400,defense,51,10,18.2,,,2024
2,2024032,1400,offense,52,10,26.4,Bo Nix,19.0,2024
2,2024032,1800,defense,52,2,4.7,,,2024
2,2024033,4500,offense,64,4,13.4,Brock Purdy,10.0,2024
2,2024033,3300,defense,64,7,16.6,,,2024
2,2024033,3300,offense,63,8,26.7,Derek Carr,22.0,2024
2,2024033,4500,defense,63,4,8.1,,,2024
3,2024034,0920,offense,40,0,0.0,Joe Burrow,0.0,2024
3,2024034,2200,defense,40,10,24.1,,,2024
3,2024034,2200,offense,73,11,27.8,Anthony Richardson,23.0,2024
3,2024034,0920,defense,73,0,0.0,,,2024
3,2024035,0810,offense,61,0,0.0,Caleb Williams,0.0,2024
3,2024035,2310,defense,61,1,7.2,,,2024
3,2024035,2310,offense,50,0,0.0,Patrick Mahomes,0.0,2024
3,2024035,0810,defense,50,1,3.1,,,2024
3,2024036,0200,offense,43,0,0.0,Kirk Cousins,0.0,2024
3,2024036,2250,defense,43,10,45.5,,,2024
3,2024036,2250,offense,74,10,25.1,Trevor Lawrence,22.0,2024
3,2024036,0200,defense,74,0,0.0,,,2024
3,2024037,4900,offense,53,10,12.0,Baker Mayfield,7.0,2024
3,2024037,2700,defense,53,0,0.0,,,2024
3,2024037,2700,offense,56,1,1.8,Tua Tagovailoa,0.0,2024
3,2024037,4900,defense,56,7,5.0,,,2024
3,2024038,4500,offense,70,7,19.0,Brock Purdy,22.0,2024
3,2024038,2520,defense,70,1,3.6,,,2024
3,2024038,2520,offense,54,0,0.0,Gardner Minshew,0.0,2024
3,2024038,4500,defense,54,7,14.1,,,2024
3,2024039,0750,offense,63,9,14.3,Bryce Young,11.0,2024
3,2024039,0610,defense,63,0,0.0,,,2024
3,2024039,0610,offense,54,0,0.0,Josh Allen,0.0,2024
3,2024039,0750,defense,54,7,14.5,,,2024
3,2024040,3900,offense,40,11,29.3,Justin Fields,13.0,2024
3,2024040,1540,defense,40,0,0.0,,,2024
3,2024040,1540,offense,68,0,0.0,Jared Goff,0.0,2024
3,2024040,3900,defense,68,7,4.0,,,2024
3,2024041,1800,offense,64,0,0.0,Jordan Love,0.0,2024
3,2024041,0325,defense,64,2,11.4,,,2024
3,2024041,0325,offense,48,2,4.9,Lamar Jackson,0.0,2024
3,2024041,1800,defense,48,0,0.0,,,2024
3,2024042,2510,offense,50,0,0.0,Matthew Stafford,0.0,2024
3,2024042,2120,defense,50,0,0.0,,,2024
3,2024042,2120,offense,63,0,0.0,C.J. Stroud,0.0,2024
3,2024042,2510,defense,63,0,0.0,,,2024
3,2024043,3000,offense,64,0,0.0,Sam Darnold,0.0,2024
3,2024043,3700,defense,64,0,0.0,,,2024
3,2024043,3700,offense,57,0,0.0,Jalen Hurts,0.0,2024
3,2024043,3000,defense,57,0,0.0,,,2024
3,2024044,1200,offense,85,0,0.0,Dak Prescott,0.0,2024
3,2024044,4400,defense,85,0,0.0,,,2024
3,2024044,4400,offense,46,1,0.8,Justin Herbert,0.0,2024
3,2024044,1200,defense,46,0,0.0,,,2024
3,2024045,3430,offense,63,0,0.0,Aaron Rodgers,0.0,2024
3,2024045,3410,defense,63,0,0.0,,,2024
3,2024045,3410,offense,55,1,1.8,Daniel Jones,0.0,2024
3,2024045,3430,defense,55,0,0.0,,,2024
3,2024046,1050,offense,72,5,9.1,Deshaun Watson,0.0,2024
3,2024046,4600,defense,72,8,3.4,,,2024
3,2024046,4600,offense,43,8,11.6,Geno Smith,5.0,2024
3,2024046,1050,defense,43,3,4.4,,,2024
3,2024047,3300,offense,54,2,5.2,Derek Carr,0.0,2024
3,2024047,2100,defense,54,6,11.1,,,2024
3,2024047,2100,offense,66,10,32.5,Will Levis,17.0,2024
3,2024047,3300,defense,66,1,2.1,,,2024
3,2024048,3800,offense,62,0,0.0,Kyler Murray,0.0,2024
3,2024048,1400,defense,62,1,1.8,,,2024
3,2024048,1400,offense,58,1,3.3,Bo Nix,0.0,2024
3,2024048,3800,defense,58,0,0.0,,,2024
3,2024049,3200,offense,69,8,25.4,Jacoby Brissett,7.0,2024
3,2024049,5110,defense,69,0,0.0,,,2024
3,2024049,5110,offense,66,0,0.0,Jayden Daniels,0.0,2024
3,2024049,3200,defense,66,6,7.7,,,2024
0,2025001,4400,offense,58,3,4.2,Justin Herbert,0.0,2025
0,2025001,1540,defense,58,0,0.0,,,2025
0,2025001,1540,offense,45,0,0.0,Jared Goff,0.0,2025
0,2025001,4400,defense,45,1,0.8,,,2025
1,2025002,0325,offense,56,4,6.3,Lamar Jackson,0.0,2025
1,2025002,2200,defense,56,3,3.4,,,2025
1,2025002,2200,offense,75,4,13.8,Daniel Jones,29.0,2025
1,2025002,0325,defense,75,2,4.8,,,2025
1,2025003,0920,offense,58,10,21.8,Joe Burrow,15.0,2025
1,2025003,3700,defense,58,2,5.3,,,2025
1,2025003,3700,offense,70,2,2.3,Jalen Hurts,0.0,2025
1,2025003,0920,defense,70,7,11.3,,,2025
1,2025004,2520,offense,64,11,16.6,Geno Smith,4.0,2025
1,2025004,4600,defense,64,0,0.0,,,2025
1,2025004,4600,offense,63,5,14.1,Sam Darnold,0.0,2025
1,2025004,2520,defense,63,11,21.9,,,2025
1,2025005,0200,offense,34,2,11.5,Michael Penix Jr.,0.0,2025
1,2025005,1540,defense,34,1,3.7,,,2025
1,2025005,1540,offense,43,1,4.7,Jared Goff,0.0,2025
1,2025005,0200,defense,43,4,13.7,,,2025
1,2025006,1050,offense,63,2,2.0,Joe Flacco,0.0,2025
1,2025006,0750,defense,63,9,15.9,,,2025
1,2025006,0750,offense,48,9,23.1,Bryce Young,11.0,2025
1,2025006,1050,defense,48,6,11.9,,,2025
1,2025007,5110,offense,65,2,3.9,Jayden Daniels,0.0,2025
1,2025007,3200,defense,65,7,19.9,,,2025
1,2025007,3200,offense,59,9,15.4,Drake Maye,13.0,2025
1,2025007,5110,defense,59,2,5.2,,,2025
1,2025008,3410,offense,76,9,10.3,Russell Wilson,11.0,2025
1,2025008,0610,defense,76,7,15.6,,,2025
1,2025008,0610,offense,53,8,16.5,Josh Allen,0.0,2025
1,2025008,3410,defense,53,9,10.5,,,2025
1,2025009,3000,offense,62,9,16.3,J.J. McCarthy,12.0,2025
1,2025009,2120,defense,62,1,1.9,,,2025
1,2025009,2120,offense,48,4,11.7,C.J. Stroud,0.0,2025
1,2025009,3000,defense,48,4,10.0,,,2025
1,2025010,2250,offense,61,10,15.6,Trevor Lawrence,11.0,2025
1,2025010,3900,defense,61,3,6.7,,,2025
1,2025010,3900,offense,63,6,9.2,Aaron Rodgers,0.0,2025
1,2025010,2250,defense,63,9,12.0,,,2025
1,2025011,2510,offense,61,0,0.0,Matthew Stafford,0.0,2025
1,2025011,1200,defense,61,1,1.6,,,2025
1,2025011,1200,offense,58,1,2.0,Dak Prescott,0.0,2025
1,2025011,2510,defense,58,0,0.0,,,2025
1,2025012,4900,offense,66,3,10.2,Baker Mayfield,0.0,2025
1,2025012,2100,defense,66,8,13.1,,,2025
1,2025012,2100,offense,51,8,21.0,Cam Ward,0.0,2025
1,2025012,4900,defense,51,1,2.5,,,2025
1,2025013,2310,offense,59,10,8.3,Patrick Mahomes,2.0,2025
1,2025013,3800,defense,59,9,15.6,,,2025
1,2025013,3800,offense,58,11,25.7,Kyler Murray,16.0,2025
1,2025013,2310,defense,58,10,18.2,,,2025
1,2025014,1800,offense,43,10,22.2,Jordan Love,10.0,2025
1,2025014,3430,defense,43,8,16.5,,,2025
1,2025014,3430,offense,68,9,16.0,Justin Fields,10.0,2025
1,2025014,1800,defense,68,9,13.5,,,2025
1,2025015,4500,offense,47,1,2.3,Brock Purdy,0.0,2025
1,2025015,1400,defense,47,10,18.0,,,2025
1,2025015,1400,offense,70,11,24.5,Bo Nix,18.0,2025
1,2025015,4500,defense,70,5,10.0,,,2025
1,2025016,0810,offense,62,1,2.9,Caleb Williams,0.0,2025
1,2025016,2700,defense,62,10,12.8,,,2025
1,2025016,2700,offense,59,7,19.3,Tua Tagovailoa,15.0,2025
1,2025016,0810,defense,59,3,8.9,,,2025
1,2025017,4400,offense,54,2,2.0,Justin Herbert,0.0,2025
1,2025017,3300,defense,54,5,7.2,,,2025
1,2025017,3300,offense,59,7,19.9,Spencer Rattler,25.0,2025
1,2025017,4400,defense,59,2,2.2,,,2025
2,2025018,0200,offense,61,1,6.4,Michael Penix Jr.,0.0,2025
2,2025018,2100,defense,61,7,12.2,,,2025
2,2025018,2100,offense,59,6,11.2,Cam Ward,0.0,2025
2,2025018,0200,defense,59,4,14.6,,,2025
2,2025019,4600,offense,69,9,16.7,Sam Darnold,10.0,2025
2,2025019,2310,defense,69,6,17.4,,,2025
2,2025019,2310,offense,37,7,13.0,Patrick Mahomes,0.0,2025
2,2025019,4600,defense,37,7,17.2,,,2025
2,2025020,1540,offense,58,0,0.0,Jared Goff,0.0,2025
2,2025020,2700,defense,58,5,12.7,,,2025
2,2025020,2700,offense,61,1,2.7,Tua Tagovailoa,0.0,2025
2,2025020,1540,defense,61,0,0.0,,,2025
2,2025021,0750,offense,41,9,16.9,Bryce Young,5.0,2025
2,2025021,2120,defense,41,10,24.2,,,2025
2,2025021,2120,offense,64,9,21.2,C.J. Stroud,13.0,2025
2,2025021,0750,defense,64,10,17.8,,,2025
2,2025022,1800,offense,69,1,3.2,Jordan Love,0.0,2025
2,2025022,2200,defense,69,6,9.6,,,2025
2,2025022,2200,offense,61,9,22.1,Daniel Jones,14.0,2025
2,2025022,1800,defense,61,1,1.2,,,2025
2,2025023,3200,offense,70,7,14.4,Drake Maye,15.0,2025
2,2025023,3000,defense,70,0,0.0,,,2025
2,2025023,3000,offense,57,0,0.0,J.J. McCarthy,0.0,2025
2,2025023,3200,defense,57,10,20.7,,,2025
2,2025024,1050,offense,59,2,4.8,Joe Flacco,0.0,2025
2,2025024,3700,defense,59,3,10.2,,,2025
2,2025024,3700,offense,42,0,0.0,Jalen Hurts,0.0,2025
2,2025024,1050,defense,42,4,6.9,,,2025
2,2025025,4500,offense,63,7,10.1,Brock Purdy,11.0,2025
2,2025025,2520,defense,63,11,25.1,,,2025
2,2025025,2520,offense,54,11,24.7,Geno Smith,15.0,2025
2,2025025,4500,defense,54,5,12.6,,,2025
2,2025026,0325,offense,77,4,11.5,Lamar Jackson,0.0,2025
2,2025026,1200,defense,77,4,9.1,,,2025
2,2025026,1200,offense,42,3,10.4,Dak Prescott,0.0,2025
2,2025026,0325,defense,42,2,3.5,,,2025
2,2025027,4400,offense,54,10,10.3,Justin Herbert,7.0,2025
2,2025027,2510,defense,54,0,0.0,,,2025
2,2025027,2510,offense,73,0,0.0,Matthew Stafford,0.0,2025
2,2025027,4400,defense,73,9,8.8,,,2025
2,2025028,3430,offense,69,11,25.4,Justin Fields,18.0,2025
2,2025028,3410,defense,69,9,21.6,,,2025
2,2025028,3410,offense,57,9,20.4,Russell Wilson,14.0,2025
2,2025028,3430,defense,57,6,10.2,,,2025
2,2025029,4900,offense,63,9,25.4,Baker Mayfield,0.0,2025
2,2025029,3900,defense,63,3,6.3,,,2025
2,2025029,3900,offense,52,6,9.6,Aaron Rodgers,0.0,2025
2,2025029,4900,defense,52,9,10.1,,,2025
2,2025030,3800,offense,45,1,3.0,Kyler Murray,0.0,2025
2,2025030,1400,defense,45,1,3.8,,,2025
2,2025030,1400,offense,71,3,7.4,Bo Nix,0.0,2025
2,2025030,3800,defense,71,1,1.5,,,2025
2,2025031,2250,offense,61,8,20.1,Trevor Lawrence,17.0,2025
2,2025031,3300,defense,61,1,2.5,,,2025
2,2025031,3300,offense,56,8,23.9,Spencer Rattler,38.0,2025
2,2025031,2250,defense,56,8,11.0,,,2025
2,2025032,0810,offense,81,9,12.1,Caleb Williams,13.0,2025
2,2025032,0610,defense,81,3,12.0,,,2025
2,2025032,0610,offense,41,1,1.8,Josh Allen,0.0,2025
2,2025032,0810,defense,41,10,13.1,,,2025
2,2025033,0920,offense,68,11,24.3,Joe Burrow,23.0,2025
2,2025033,5110,defense,68,10,16.0,,,2025
2,2025033,5110,offense,47,5,8.5,Jayden Daniels,4.0,2025
2,2025033,0920,defense,47,8,10.6,,,2025
3,2025034,3900,offense,44,7,17.8,Aaron Rodgers,0.0,2025
3,2025034,0750,defense,44,0,0.0,,,2025
3,2025034,0750,offense,59,1,1.5,Bryce Young,0.0,2025
3,2025034,3900,defense,59,8,10.8,,,2025
3,2025035,3410,offense,63,0,0.0,Russell Wilson,0.0,2025
3,2025035,3200,defense,63,3,9.2,,,2025
3,2025035,3200,offense,54,1,1.5,Drake Maye,0.0,2025
3,2025035,3410,defense,54,2,2.0,,,2025
3,2025036,3430,offense,57,2,3.2,Justin Fields,0.0,2025
3,2025036,3700,defense,57,0,0.0,,,2025
3,2025036,3700,offense,62,0,0.0,Jalen Hurts,0.0,2025
3,2025036,3430,defense,62,0,0.0,,,2025
3,2025037,3000,offense,57,0,0.0,J.J. McCarthy,0.0,2025
3,2025037,2100,defense,57,9,21.2,,,2025
3,2025037,2100,offense,53,6,15.6,Cam Ward,15.0,2025
3,2025037,3000,defense,53,0,0.0,,,2025
3,2025038,0200,offense,59,0,0.0,Michael Penix Jr.,0.0,2025
3,2025038,1200,defense,59,0,0.0,,,2025
3,2025038,1200,offense,53,0,0.0,Dak Prescott,0.0,2025
3,2025038,0200,defense,53,1,2.7,,,2025
3,2025039,2310,offense,52,10,30.2,Patrick Mahomes,20.0,2025
3,2025039,0810,defense,52,9,32.2,,,2025
3,2025039,0810,offense,73,10,28.9,Caleb Williams,26.0,2025
3,2025039,2310,defense,73,10,23.9,,,2025
3,2025040,0325,offense,62,0,0.0,Lamar Jackson,0.0,2025
3,2025040,5110,defense,62,1,3.4,,,2025
3,2025040,5110,offense,53,1,1.7,Jayden Daniels,0.0,2025
3,2025040,0325,defense,53,1,4.3,,,2025
3,2025041,2200,offense,71,1,1.8,Daniel Jones,0.0,2025
3,2025041,0920,defense,71,0,0.0,,,2025
3,2025041,0920,offense,49,0,0.0,Joe Burrow,0.0,2025
3,2025041,2200,defense,49,0,0.0,,,2025
3,2025042,2510,offense,51,0,0.0,Matthew Stafford,0.0,2025
3,2025042,1050,defense,51,8,14.8,,,2025
3,2025042,1050,offense,58,9,15.0,Joe Flacco,16.0,2025
3,2025042,2510,defense,58,0,0.0,,,2025
3,2025043,1540,offense,32,0,0.0,Jared Goff,0.0,2025
3,2025043,2120,defense,32,1,3.1,,,2025
3,2025043,2120,offense,69,2,2.1,C.J. Stroud,0.0,2025
3,2025043,1540,defense,69,0,0.0,,,2025
3,2025044,1400,offense,71,10,23.7,Bo Nix,19.0,2025
3,2025044,3300,defense,71,11,22.0,,,2025
3,2025044,3300,offense,54,10,20.2,Spencer Rattler,14.0,2025
3,2025044,1400,defense,54,10,14.3,,,2025
3,2025045,1800,offense,61,8,14.0,Jordan Love,0.0,2025
3,2025045,4600,defense,61,0,0.0,,,2025
3,2025045,4600,offense,48,0,0.0,Sam Darnold,0.0,2025
3,2025045,1800,defense,48,9,7.8,,,2025
3,2025046,2250,offense,49,0,0.0,Trevor Lawrence,0.0,2025
3,2025046,2700,defense,49,9,15.6,,,2025
3,2025046,2700,offense,49,6,13.0,Tua Tagovailoa,13.0,2025
3,2025046,2250,defense,49,1,1.1,,,2025
3,2025047,4900,offense,53,2,6.5,Baker Mayfield,0.0,2025
3,2025047,0610,defense,53,3,7.7,,,2025
3,2025047,0610,offense,61,0,0.0,Josh Allen,0.0,2025
3,2025047,4900,defense,61,0,0.0,,,2025
3,2025048,4400,offense,67,0,0.0,Justin Herbert,0.0,2025
3,2025048,4500,defense,67,4,9.9,,,2025
3,2025048,4500,offense,60,0,0.0,Brock Purdy,0.0,2025
3,2025048,4400,defense,60,0,0.0,,,2025
3,2025049,3800,offense,48,0,0.0,Kyler Murray,0.0,2025
3,2025049,2520,defense,48,9,8.9,,,2025
3,2025049,2520,offense,62,11,12.3,Geno Smith,9.0,2025
3,2025049,3800,defense,62,0,0.0,,,2025
