playerName,teamId,position,pass_rush_snaps
A.J. Green,2700,CB,16
A.J. Haulcy,2200,SS,19
A.J. Henning,2700,WR,12
A.J. Terrell,0200,CB,6
A.J. Woods,0200,CB,30
AJ Dillon,0750,RB,23
Aamaris Brown,1540,CB,44
Aamil Wagner,2100,T,2
Aaron Brewer,2700,C,14
Aaron Hall,0750,DT,21
Adam Butler,2520,DT,7
Adam Prentice,1400,FB,17
Adam Trautman,1400,TE,11
Adetomiwa Adebawore,2200,DT,25
Adonai Mitchell,3430,WR,10
Adrian Martinez,4500,QB,48
Ahmari Harvey,2700,CB,12
Ahmed Hassanein,1540,DE,27
Aidan O'Connell,2520,QB,16
Aiden Fisher,2120,ILB,24
Aireontae Ersery,2120,T,10
Akayleb Evans,0750,CB,32
Akheem Mesidor,4400,OLB,8
Albert Okwuegbunam,2520,TE,20
Albert Reese,0750,T,51
Ale Kaho,5110,MLB,35
Alex Austin,2700,CB,19
Alex Harkey,4400,G,21
Alex Highsmith,3900,OLB,10
Alex Huntley,2700,DT,30
Alex Singleton,1400,ILB,10
Alfred Collins,4500,DT,17
Ali Gaye,2120,OLB,23
Alijah Huzzie,2120,CB,27
Alontae Taylor,2100,CB,24
Amani Hooker,2100,SS,24
Amar Johnson,4400,RB,17
Amari Gainer,3200,OLB,19
Amarius Mims,0920,T,12
Amen Ogbongbemiga,1540,MLB,13
Anderson Castle,2200,RB,30
Andre Carter II,4400,OLB,20
Andre Cisco,3430,FS,20
Andre James,2100,C,10
Andrei Iosivas,0920,WR,21
Andrew Beck,3430,FB,11
Andrew Billings,3800,DT,20
Andrew Coker,0920,T,38
Andrew Meyer,2700,C,34
Andrew Ogletree,2200,TE,5
Andrew Rupcich,3200,T,53
Andrew Stueber,0200,T,24
Andrew Wingard,3800,FS,10
Andrew Wylie,5110,G,35
Anez Cooper,3430,G,23
Anthony Belton,1800,T,34
Anthony Campbell,1800,DT,16
Anthony Goodlow,3900,DE,8
Anthony Hill Jr.,2100,ILB,35
Anthony Lucas,1540,DE,47
Anthony Nelson,4900,OLB,8
Anthony Richardson,2200,QB,27
Anthony Tyus III,0750,RB,14
Antonio Hamilton,5110,CB,19
Antonio Williams,5110,WR,23
Antwane Wells Jr.,0200,WR,12
Antwaun Powell-Ryland,0920,OLB,19
Arian Smith,3430,WR,14
Armand Membou,3430,T,10
Arron Mosby,1800,DE,27
Asante Samuel Jr.,3900,CB,12
Ashton Jeanty,2520,RB,7
Ashtyn Davis,4500,SS,34
Athan Kaliakmanis,5110,QB,30
Atonio Mafi,2520,G,41
Austen Pleasants,4500,T,41
Austin Ajiake,2200,MLB,34
Austin Brown,2200,S,9
Austin Deculus,2100,T,21
Austin Hooper,0200,TE,5
Austin Jackson,2700,T,14
Austin Keys,3800,ILB,65
Austin Schlottmann,2100,C,21
Avery Smith,4400,CB,31
Ayden Garnes,4900,CB,25
Azareye'h Thomas,3430,CB,7
Azeez Ojulari,0200,OLB,27
BJ Ojulari,3800,OLB,52
Bailey Zappe,3430,QB,18
Bam Knight,3800,RB,38
Bam Martin-Scott,0750,ILB,26
Barrett Carter,0920,MLB,8
Barryn Sorrell,1800,DE,2
Bauer Sharp,4900,TE,26
Bayron Matos,2200,T,6
Behren Morton,3200,QB,29
Ben Barten,3430,DT,17
Ben Brown,3200,C,14
Ben Nikkel,2200,WR,5
Ben Powers,1400,G,21
Ben Scott,4900,C,34
Ben Sinnott,5110,TE,33
Ben Skowronek,3900,WR,10
Ben Stille,1540,DT,13
Benito Jones,2520,DT,15
Benjamin Chukwuma,4900,T,38
Benjamin St-Juste,1800,CB,23
Bishop Fitzgerald,2100,FS,18
Blake Fisher,2120,T,26
Blake Freeland,2200,T,62
Blake Miller,1540,T,32
Bo Melton,1800,CB,10
Boye Mafe,0920,OLB,8
Braden Smith,2120,T,10
Brady Christensen,0750,T,17
Brady Cook,3430,QB,21
Bradyn Swinson,3200,OLB,36
Braelon Allen,3430,RB,8
Braiden McGregor,3430,DE,34
Bralyn Lux,0920,CB,33
Brandon Cisse,1800,CB,17
Brandon Cleveland,2520,DT,21
Brandon Codrington,2120,CB,19
Brandon Coleman,5110,T,12
Brandon Crenshaw-Dickson,2100,T,26
Brandon Crossley,3200,CB,30
Brandon Dorlus,0200,DT,6
Brandon Johnson,2520,WR,13
Brandon Jones,1400,FS,13
Brandon Parker,4500,T,41
Brandon Smith,3900,WR,14
Brandon Stephens,3430,CB,7
Brandon Walton,0200,G,34
Branson Taylor,4400,G,27
Brant Banks,1800,T,3
Brayden Willis,4500,TE,32
Breece Hall,3430,RB,9
Brenen Thompson,4400,WR,27
Brennan Jackson,2520,OLB,11
Brent Austin,1400,CB,24
Brenton Cox Jr.,1800,DE,21
Brian Parker II,0920,T,55
Brian Robinson,0200,RB,8
Brock Bowers,2520,TE,1
Brock Hoffman,3900,C,18
Broderick Jones,3900,T,44
Brodric Martin,3800,DT,39
Bryce Boettcher,2200,ILB,31
Bryce Oliver,2100,WR,10
Brycen Tremayne,0750,WR,17
Bryson Eason,4500,DT,19
Bryson Green,3800,WR,60
Buddy Johnson,2520,MLB,15
Byron Cowart,5110,DT,26
C.J. Henderson,0200,CB,32
CJ Dippre,3200,TE,9
Cade Klubnik,3430,QB,14
Cade Stover,2120,TE,25
Caden Curry,2200,DE,36
Caden Fordham,4900,ILB,22
Caden Prieskorn,0750,TE,23
Caedan Wallace,2700,G,15
Caleb Douglas,2700,WR,14
Caleb Lomu,3200,T,38
Caleb Offord,2520,CB,25
Caleb Rogers,2520,G,19
Calvin Ridley,2100,WR,7
Calvin Throckmorton,1400,G,33
Cam Camper,3430,WR,15
Cam Gill,0750,OLB,18
Cam Grandy,0920,TE,15
Cam Horsley,3800,DT,45
Cam Jackson,0750,DT,13
Cam Miller,0750,CB,14
Cam Miller,2700,QB,18
Cam Robertson,3800,OLB,56
Cam Taylor-Britt,2200,CB,19
Cam Ward,2100,QB,21
Cameron Ball,2200,DT,21
Cameron Dorner,3200,WR,21
Cameron Goode,2700,OLB,13
Cameron McGrone,2520,OLB,20
Cameron Ross,1400,WR,18
Cameron Sample,0200,DE,21
Cameron Thomas,0200,DE,21
Car'lin Vigers,5110,CB,38
Carlos Allen Jr.,0200,DT,34
Carlos Washington,2700,RB,12
Carnell Tate,2100,WR,15
Carson Beck,3800,QB,39
Carson Bruener,3900,ILB,39
Carson Towt,2200,TE,2
Carver Willis,4500,G,31
Casey Rogers,3200,DT,14
Casey Washington,0750,WR,27
Cash Jones,0200,RB,7
Cashius Howell,0920,DE,13
Cedric Gray,2100,ILB,24
Cedric Johnson,0920,DE,30
Cedrick Wilson Jr.,1540,WR,14
Ceyair Wright,0920,CB,33
Chad Muma,3200,MLB,27
Chamon Metayer,0750,TE,14
Chandler Zavala,0750,G,17
Channing Canada,3200,CB,31
Channing Tindall,0200,ILB,11
Charles Grant,2520,T,28
Charlie Heck,2700,T,26
Charlie Jones,0920,WR,12
Charlie Woerner,0200,TE,2
Chase Bisontis,3800,G,67
Chase Brown,0920,RB,8
Chase Curtis,3430,TE,17
Chase Roberts,2520,WR,13
Chase Wilson,3430,ILB,3
Chau Smith-Wade,0750,CB,24
Chigozie Anusiem,2520,CB,15
Chimere Dike,2100,WR,18
Chip Trayanum,3430,RB,15
Chop Robinson,2700,OLB,6
Chris Blair,0200,WR,31
Chris Braswell,4900,OLB,24
Chris Hilton Jr.,1800,WR,1
Chris Johnson,2700,CB,17
Chris Lindstrom,0200,G,8
Chris McClellan,1800,DT,20
Chris Myarick,2520,TE,6
Chris Paul,5110,G,12
Chris Smith,1540,DT,27
Chris Williams,0200,DT,32
Christian Harris,0200,OLB,16
Christian Izien,1540,SS,26
Christian Jones,0920,T,9
Christian Jones,3800,T,37
Christian Mahogany,1540,G,32
Christian Watson,1800,WR,8
Chuck Clark,1540,SS,11
Chukwuma Okorafor,3430,T,20
Cian Slone,2520,OLB,20
Clark Phillips III,0200,CB,28
Claudin Cherelus,0750,ILB,19
Cobee Bryant,0200,CB,38
Cody Barton,2100,ILB,24
Cody Ford,0920,T,20
Cody Lindenberg,2520,MLB,21
Cody Schrader,1400,RB,24
Cody Simon,3800,ILB,15
Colbie Young,0920,WR,22
Colby Sorsdal,1540,T,24
Colby Wooden,2200,DT,22
Cole Holcomb,3900,ILB,35
Cole Turner,2700,TE,18
Coleman Owen,2200,WR,22
Collin Oliver,1800,OLB,34
Collin Wright,2120,CB,12
Colson Yankoff,5110,TE,26
Connor Bazelak,4900,QB,26
Connor Colby,4500,G,41
Connor Heyward,2520,TE,12
Connor Hulstein,3430,TE,4
Cooper Rush,0200,QB,27
Cordale Flott,2100,CB,24
Cordell Volson,2100,G,20
Corey Kiner,3800,RB,47
Corey Levin,0200,C,27
Corey Robinson II,0920,T,9
Corey Thornton,0750,CB,20
Courtland Ford,3430,T,23
Courtland Sutton,1400,WR,13
Courtney Jackson,2100,WR,4
Curtis Jacobs,5110,ILB,10
D'Shawn Jamison,3900,CB,27
D.J. Ivey,0920,CB,23
D.J. Jones,1400,DT,7
D.J. Montgomery,2200,WR,17
DJ Campbell,2700,G,18
DJ Glaze,2520,T,10
DJ Herman,2700,RB,16
DJ Johnson,5110,OLB,9
DJ Turner II,0920,CB,5
DJ Uiagalelei,4400,QB,21
DT Sheffield,3430,WR,7
Dadrion Taylor-Demerson,3800,FS,33
Daijahn Anthony,0920,FS,35
Dalevon Campbell,4400,WR,26
Dallen Bentley,1400,TE,22
Dalton Cooper,1800,T,3
Dalton Johnson,2520,SS,27
Dalton Risner,0920,G,12
Dalton Tucker,2200,G,27
Dalton Wagner,2520,T,16
Damarion Williams,4900,CB,53
Dametrious Crownover,3200,T,29
Damien Martinez,1800,RB,13
Damonic Williams,3800,NT,50
Dan Feeney,4900,C,26
Dan Jackson,1540,SS,23
Dan Moore Jr.,2100,T,21
Dane Belton,3430,SS,19
Dane Key,1400,WR,23
Daniel Bellinger,2100,TE,13
Daniel Brunskill,5110,C,34
Daniel Scott,2200,SS,31
Daniel Sobkowicz,2120,WR,8
Dare Ogunbowale,2520,RB,9
Dareke Young,2520,WR,12
Darian Kinnard,1800,T,8
Darien Porter,2520,CB,10
Darius Robinson,3800,DT,14
Darius Rush,5110,CB,8
Darnay Holmes,0200,CB,16
Darnell Washington,3900,TE,12
Darrell Jackson Jr.,3430,DT,26
Darrell Luter Jr.,4500,CB,42
Darren Hall,0200,FS,29
Daryl Porter,3900,CB,7
Daveren Rayner,0200,ILB,11
David Bailey,3430,OLB,7
David Martin-Robinson,2100,TE,18
David Moore,0750,WR,15
David Ojabo,2700,OLB,23
David Onyemata,3430,DT,7
David Walker,4900,OLB,17
Davis Mills,2120,QB,33
Daylen Everette,3900,CB,34
De'Von Achane,2700,RB,14
De'Zhaun Stribling,4500,WR,20
DeCarlos Nicholson,0750,DB,10
DeMarcco Hellams,0200,SS,32
DeMonte Capehart,4900,DT,24
Dean Clark,3430,FS,22
Dean Lowry,3900,DE,20
Dean Patterson IV,4900,WR,41
Deane Leonard,4400,CB,21
Deion Burks,2200,WR,20
Del'Shawn Phillips,4400,ILB,10
Dell Pettus,3200,FS,27
Demani Richardson,0750,FS,41
Demario Davis,3430,ILB,7
Demetrius Knight Jr.,0920,OLB,8
Demontrey Jacobs,3800,T,41
Dennis Houston,4900,WR,39
Denzel Burke,3800,CB,25
Derius Davis,4400,WR,15
Derrick Canteen,2100,SS,19
Derrick Harmon,3900,DT,9
Derrick Nnadi,2200,DT,22
Deshawn McKnight,4900,DE,7
Devan Boykin,3900,CB,28
Deven Thompkins,2520,WR,16
Devin Culp,4900,TE,21
Devin Duvernay,3800,WR,18
Devin Grant,4400,SS,11
Devin Lafayette,2520,SS,17
Devin Veresuk,2200,ILB,6
Devin White,1540,OLB,21
Devon Key,1400,FS,25
Devonnsha Maxwell,0200,DT,40
Devonta Smith,0750,CB,28
Devonte Ross,4400,WR,18
Devyn Perkins,2520,S,14
Dexter Lawrence,0920,NT,3
Dillon Wade,1800,G,20
Dohnte Meyers,0920,WR,30
Dominic Bailey,2120,DE,31
Dominic Lovett,1540,WR,27
Dominique Hampton,2100,OLB,2
Dominique Robinson,2120,DE,24
Donaven McCulley,2700,WR,4
Dondrea Tillman,1400,OLB,26
Doneiko Slaughter,3900,CB,30
Donovan Edwards,2700,RB,2
Donovan Jennings,1800,G,42
Dorian Mausi,2100,ILB,18
Doug Kramer,4500,C,31
Doug Nester,3900,G,40
Drake Dabney,1800,TE,35
Drake Jackson,5110,DE,22
Drake London,0200,WR,2
Drake Nugent,4500,C,41
Drew Allar,3900,QB,26
Drew Moss,2100,G,10
Drew Sample,0920,TE,10
Drew Sanders,1400,OLB,12
Durell Nchami,2200,DE,7
Dyami Brown,5110,WR,12
Dylan Barrett,1800,G,3
Dylan Cook,3900,T,29
Dylan Drummond,0200,WR,39
Dylan Fairchild,0920,G,12
Dylan Horton,2120,DE,34
Dylan Laube,2520,RB,13
Dylan Parham,3430,G,10
E.J. Horton,2200,WR,15
E.J. Williams Jr.,2520,WR,6
Earnest Brown IV,2100,DE,28
Ed Ingram,2120,G,10
Edgerrin Cooper,1800,MLB,2
Efton Chism III,3200,WR,29
Eku Leota,3800,OLB,52
Eli Apple,4500,CB,15
Eli Cox,2120,C,14
Eli Heidenreich,3900,RB,21
Eli Pancol,2200,WR,28
Eli Raridon,3200,TE,34
Elic Ayomanor,2100,WR,28
Elijah Cooks,0750,WR,32
Elijah Culp,3800,CB,67
Elijah Garcia,0750,DT,19
Elijah Jones,3800,CB,70
Elijah Klein,4900,G,38
Elijah Roberts,4900,DE,23
Elijah Wilkinson,3800,T,10
Elliott Brown,3800,OLB,55
Emany Johnson,4400,ILB,18
Ennis Rakestraw Jr.,1540,CB,21
Enrique Cruz,4500,T,31
Ephesians Prysock,4500,CB,49
Eric Butler,3200,DB,21
Eric Gregory,3200,DT,29
Eric O'Neill,1540,DE,37
Eric Rivers Jr.,4900,WR,25
Eric Rogers,4400,CB,20
Eric Stokes,2520,CB,10
Erick Hallett,2100,SS,28
Erick Hunter,1540,ILB,41
Esezi Otomewo,3900,DE,22
Ethan Bonner,2700,CB,31
Ethan Onianwa,0200,T,22
Ethan Robinson,2700,CB,14
Eugene Asante,3800,ILB,7
Evan Brown,2120,G,26
Evan Engram,1400,TE,12
Evan Hull,3800,RB,15
Evan Svoboda,4400,TE,31
Evan Williams,1800,FS,2
Eyioma Uwazurike,1400,DE,11
Fabian Moreau,5110,CB,14
Fatorma Mulbah,2700,DT,22
Febechi Nwaiwu,2120,G,26
Feleipe Franks,0750,TE,21
Fernando Carmona,2100,G,27
Fernando Mendoza,2520,QB,28
Foster Moreau,2120,TE,20
Foster Sarell,5110,T,33
Francisco Mauigoa,3430,MLB,31
Frank Crum,1400,T,34
Fred Davis,5110,CB,24
Gabe Jacas,3200,OLB,25
Gabe Rubio,3900,DE,19
Gardner Minshew,3800,QB,29
Garett Bolles,1400,T,21
Garmon Randolph,4400,OLB,24
Garret Wallow,4500,ILB,16
Garrett Dellinger,2100,G,10
Garrett Greene,4900,WR,29
Garrett Wilson,3430,WR,10
Gary Brightwell,0920,RB,17
Gary Smith III,2520,DT,19
Gavin Ortega,1400,G,36
Genesis Smith,4400,SS,28
Gennings Dunker,3900,G,26
Geno VanDeMark,2200,C,30
George Gumbs Jr.,2200,DE,42
Germie Bernard,3900,WR,25
Gottlieb Ayedze,2700,T,29
Gracen Halton,4500,DT,28
Graham Mertz,2120,QB,17
Greedy Vance,2520,CB,48
Greg Crippen,3900,C,21
Greg Dortch,1540,WR,7
Greg Dulcich,2700,TE,13
Gregory Desrosiers,4400,RB,13
Gunnar Helm,2100,TE,13
Hakeem Butler,1400,WR,20
Hank Beatty,2100,WR,8
Harold Perkins Jr.,0200,ILB,16
Harrison Phillips,3430,NT,7
Harrison Wallace III,3800,WR,39
Hassan Haskins,3200,RB,5
Hayden Conner,3800,G,68
Hayden Rucci,4500,TE,35
Haynes King,0750,QB,50
Hendon Hooker,2100,QB,10
Henry Lutovsky,4900,G,22
Hezekiah Masses,2520,CB,29
Hjalte Froholdt,3800,C,10
Howard Cross III,0920,DT,26
Hunter Wohler,2200,SS,8
Ian Thomas,2520,TE,30
Ifeatu Melifonwu,4900,SS,41
Ihmir Smith-Marsette,3800,WR,18
Isaac Alarcon,4500,T,31
Isaac Seumalo,3800,G,10
Isaac TeSlaa,1540,WR,15
Isaia Glass,0750,T,50
Isaiah Adams,3800,G,10
Isaiah Foskey,0920,DE,34
Isaiah Iton,3200,DT,23
Isaiah McDuffie,1800,MLB,19
Isaiah Neyor,1800,WR,34
Isaiah Oliver,3800,FS,88
Isaiah Pola-Mao,2520,FS,10
Isaiah Simmons,0750,MLB,31
Isaiah Smith,0750,OLB,18
Isaiah Williams,3430,WR,7
Isas Waxter,4400,CB,25
Israel Mukuamu,3900,FS,7
J. Michael Sturdivant,1800,WR,23
JC Latham,2100,T,21
JD Bertrand,0200,ILB,25
JJ Pegues,2520,DT,22
JL Skinner,1400,SS,29
Ja'Marcus Ingram,2120,CB,15
Ja'Marr Chase,0920,WR,12
Ja'Quan McMillian,1400,CB,11
Ja'Seem Reed,0750,WR,23
Ja'Sir Taylor,0920,CB,8
Ja'Tavion Sanders,0750,TE,3
Ja'Tyre Carter,0750,G,50
JaQuae Jackson,4400,WR,24
Jack Bech,2520,WR,19
Jack Dingle,0920,ILB,1
Jack Driscoll,3900,T,32
Jack Endries,0920,TE,32
Jack Gibbens,3800,ILB,22
Jack Heflin,3430,DT,30
Jack Henderson,3900,FS,7
Jack Jones,4500,CB,8
Jack Pyburn,4900,DE,21
Jack Sawyer,3900,OLB,27
Jack Strand,0200,QB,24
Jack Velling,0200,TE,27
Jack Westover,3200,FB,22
Jackson Kuwatch,0750,ILB,34
Jackson Meeks,1540,WR,20
Jackson Powers-Johnson,2520,G,19
Jackson Slater,2100,G,26
Jackson Woodard,2700,MLB,33
Jacob Bayer,0920,C,55
Jacob Hummel,2120,ILB,24
Jacob Monk,1800,C,34
Jacob Rizy,3200,C,53
Jacob Rodriguez,2700,ILB,13
Jacob Saylors,1540,RB,24
Jacob Spomer,4400,C,45
Jacobian Guillory,4400,DT,19
Jacoby Brissett,3800,QB,10
Jacoby Jones,5110,WR,24
Jacoby Windmon,3900,ILB,3
Jaden Bradley,5110,WR,29
Jaden Crumedy,1800,DT,26
Jaden Dugger,4500,ILB,29
Jaden Keller,3430,ILB,22
Jaden Nixon,1800,RB,12
Jager Burton,1800,C,34
Jahan Dotson,0200,WR,8
Jahdae Barron,1400,CB,29
Jaheim Bell,3900,TE,15
Jahfari Harvey,2520,DE,23
Jahmeer Carter,4400,NT,21
Jai'Onte' McMillan,2200,CB,16
Jake Andrews,2120,C,9
Jake Matthews,0200,T,3
Jake Slaughter,4400,G,43
Jakob Robinson,4500,CB,41
Jakobie Keeney-James,3900,WR,12
Jaleel McLaughlin,1400,RB,11
Jalen Brooks,3800,WR,45
Jalen Farmer,2200,G,41
Jalen Graham,4500,MLB,21
Jalen Kimber,0920,CB,21
Jalen McMurray,2100,CB,10
Jalen Nailor,2520,WR,8
Jalen Reagor,2700,WR,12
Jalen Rivers,0920,G,46
Jalen Stroman,4500,SS,32
Jalen Tolbert,2700,WR,17
Jalen Travis,2200,T,5
Jalon Daniels,4900,QB,34
Jalyn Holmes,2100,DE,32
Jam Miller,3200,RB,18
Jamaal Pritchett,3430,WR,19
Jamal Haynes,0920,RB,1
Jamal Hill,2120,MLB,28
Jamel Dean,3900,CB,12
James Brockermeyer,0200,C,24
James Ester,2700,DT,16
James Hudson,3200,T,54
James Mitchell,0750,TE,20
James Neal III,2120,T,14
James Pearce Jr.,0200,OLB,22
James Thompson Jr.,4500,DT,20
James Williams,2100,ILB,30
Jameson Geers,3800,TE,39
Jamien Sherwood,3430,MLB,7
Jamin Davis,3900,OLB,35
Jammie Robinson,0200,SS,27
Jamycal Hasty,3200,RB,5
Jared Harrison-Hunte,0750,DT,20
Jared Wayne,2120,WR,24
Jaren Kanak,2100,TE,1
Jaret Patterson,4400,RB,16
Jarius Monroe,3430,FS,34
Jarrett Kingston,2120,T,14
Jarrett Patterson,2120,C,31
Jarrett Stidham,1400,QB,32
Jarvis Brownlee Jr.,3430,CB,5
Jason Marshall Jr.,2700,CB,6
Javin Wright,4900,ILB,23
Javon Foster,0920,T,34
Javontae Jean-Baptiste,5110,OLB,29
Jayden Reed,1800,WR,7
Jayden Williams,3800,T,68
Jaylahn Tuimolaou,2200,DE,35
Jaylen Harrell,2100,OLB,14
Jaylen Reed,2120,SS,37
Jaylen Wright,2700,RB,15
Jaylin Lane,5110,WR,14
Jaylin Simpson,1800,FS,44
Jaylin Smith,2120,CB,19
Jaylon Carlies,2200,MLB,29
Jaylon Jones,2200,CB,30
Jayson Jones,4900,DT,26
Jeffery Simmons,2100,DT,11
Jeffrey M'ba,5110,DT,17
Jelani Woods,3430,TE,17
Jer'Zhan Newton,5110,DT,23
Jerand Bradley,4400,WR,3
Jeremiah Franklin,2700,TE,4
Jeremiah Pharms Jr.,3200,DT,22
Jeremiyah Love,3800,RB,23
Jeremy Chinn,2520,SS,10
Jeremy Crawshaw,1400,P,1
Jeremy Ruckert,3430,TE,12
Jermaine Johnson II,2100,OLB,16
Jermod McCoy,2520,CB,29
Jerome Ford,5110,RB,4
Jerrick Reed II,2100,SS,21
Jerry Tillery,2200,DT,22
Jesse Luketa,3200,OLB,15
Jha'Quan Jackson,2120,WR,10
Jim Bonifas,2700,C,4
Jimmy Horn Jr.,0750,WR,34
Jimmy Morrissey,2200,C,35
Joaquin Davis,3900,WR,11
Joe Bachie,1540,OLB,24
Joe Burrow,0920,QB,12
Joe Flacco,0920,QB,14
Joe Giles-Harris,0920,OLB,24
Joe Tippmann,3430,G,10
Joel Wilson,2100,TE,12
John Bullock,4900,ILB,24
John Metchie III,0750,WR,26
John Saunders Jr.,3200,FS,26
John Williams,1800,G,30
Johnathan Edwards,2200,CB,34
Johnny Pascuzzi,4400,TE,20
Johnny Walker Jr.,1400,DE,12
Jon Gaines II,3800,C,68
JonDarius Morgan,3200,G,14
Jonah Coleman,1400,RB,10
Jonah Elliss,1400,OLB,20
Jonah Laulu,2520,DT,20
Jonah Savaiinaea,2700,G,22
Jonah Williams,3800,DE,68
Jonathan Allen,0920,DT,3
Jonathan Ford,1800,DT,27
Jonathan Owens,2200,SS,22
Jonathon Cooper,1400,OLB,13
Jordan Battle,0920,SS,8
Jordan Burch,3800,OLB,16
Jordan Clark,3430,CB,37
Jordan Elliott,2100,DT,12
Jordan Jackson,1400,DE,16
Jordan Jefferson,0920,DT,8
Jordan Love,1800,QB,9
Jordan Magee,5110,MLB,15
Jordan Meredith,2520,C,39
Jordan Miller,1400,DT,21
Jordan Moore,0920,WR,17
Jordan Morgan,1800,G,21
Jordan Phillips,2700,DT,10
Jordan Watkins,4500,WR,53
Joseph Manjack,1400,WR,31
Josh Fryar,3800,T,68
Josh Gesky,1800,G,12
Josh Johnson,0920,QB,32
Josh Kaltenberger,4400,C,15
Josh Kattus,0920,TE,6
Josh Kelly,2120,WR,12
Josh Kreutz,2200,C,21
Josh Myers,3430,C,10
Josh Newton,0920,CB,30
Josh Priebe,2700,G,26
Josh Sills,2200,G,32
Josh Whyle,1800,TE,8
Josh Williams,4900,RB,21
Josh Woods,0200,ILB,36
Joshua Dobbs,1540,QB,17
Joshua Farmer,3200,DT,24
Joshua Josephs,5110,OLB,27
Joshua Pitsenberger,2120,RB,20
Joshua Simon,0200,TE,13
Joshua Uche,2700,OLB,12
Josiah Deguara,4500,TE,30
Josiah Green,4900,DT,29
Josiah Trotter,4900,ILB,14
Jowon Briggs,3430,DT,16
Juanyeh Thomas,2200,FS,20
Julian Good-Jones,5110,G,12
Julius Chestnut,2100,RB,8
Julius Welschof,3900,OLB,26
Junior Colson,4400,OLB,22
Junior Tafuna,3430,DT,16
Justin Joly,1400,TE,22
Justin Skule,4900,T,26
Justin Strnad,1400,ILB,11
Justin Watson,2120,WR,25
Juwann Winfree,2120,WR,6
K.C. Ossai,2120,ILB,16
K.J. Britt,3200,ILB,14
K.J. Osborn,2100,WR,10
Ka'ena Decambra,3800,C,51
Kadarius Calloway,4900,RB,19
Kaden Prather,1800,WR,1
Kaden Wetjen,3900,WR,17
Kadyn Proctor,2700,T,22
Kaevon Merriweather,2120,SS,43
Kage Casey,1400,G,47
Kain Medrano,5110,MLB,21
Kaleb Johnson,3900,RB,5
Kalen King,3800,CB,45
Kam Dewberry,0200,G,21
Kamar Missouri,2520,T,16
Kamari Ramsey,2120,FS,23
Karene Reid,1400,ILB,28
Karl Brooks,1800,DT,2
Karon Prunty,3200,CB,39
Karson Sharar,3800,ILB,53
Kayden McDonald,2120,DT,20
Kayode Awosika,4400,G,13
Kayshon Boutte,3200,WR,14
Kaytron Allen,5110,RB,44
Ke'Shawn Williams,0920,WR,23
KeAndre Lambert-Smith,4400,WR,28
Kedon Slovis,3800,QB,51
Keeanu Benton,3900,DT,9
Keelan Marion,0200,WR,12
Kei'Trel Clark,3800,CB,36
Keidron Smith,0200,FS,11
Keionte Scott,4900,FS,27
Keisean Nixon,1800,CB,17
Keith Abney II,1540,CB,44
Keith Cooper Jr.,2700,DT,33
Keldric Faulk,2100,OLB,28
Kendal Daniels,0200,ILB,21
Kendall Milton,0920,RB,20
Kendall Williamson,4400,SS,20
Kendell Brooks,2100,FS,22
Kendrick Bourne,3800,WR,7
Kene Nwangwu,3430,RB,11
Kenneth Grant,2700,DT,10
Kenneth Harris,3200,CB,21
Kenny Fletcher Jr.,4900,TE,9
Kenny Pickett,0750,QB,17
Kenny Yeboah,3800,TE,19
Kentrel Bullock,0920,RB,2
Keshawn Banks,0200,DE,22
Kevin Cline,2700,T,3
Kevin Jobity Jr.,3900,DE,12
Kevin Winston Jr.,2100,SS,24
Keydrain Calligan,2100,CB,13
Keylan Rutledge,2120,G,10
Keyron Crawford,2520,OLB,33
KhaDarel Hodge,4500,WR,27
Khalen Saunders,2100,DT,20
Khalil Dorsey,1540,CB,15
Khalil Herbert,4500,RB,22
Khalil Jacobs,3200,ILB,47
Kimani Vidal,4400,RB,12
Kindle Vildor,3200,CB,8
Kion Smith,4500,G,31
Kirk Cousins,2520,QB,10
Kisean Johnson,1800,WR,5
Kitan Crawford,3800,FS,23
Kitan Oladapo,1800,SS,33
Ko Kieft,4900,TE,16
Kobe Prentice,3200,WR,27
Kobee Minor,3200,CB,26
Kohl Levao,3430,G,20
Kolbe Katsis,1400,WR,16
Kolton Miller,2520,T,10
Kris Abrams-Draine,1400,CB,34
Kris Jenkins,0920,DT,27
Kristian Welch,1800,MLB,26
Kristian Wilkerson,0200,WR,12
Kristian Williams,1400,DT,12
Kurtis Rourke,4500,QB,24
Kwity Paye,2520,DE,10
Kye Robichaux,1540,RB,18
Kyle Dugger,0920,SS,14
Kyle Hinton,0200,G,27
Kyle Kennard,4400,OLB,23
Kyle Louis,2700,ILB,30
Kyle McCord,1800,QB,30
Kyle Pitts,0200,TE,8
Kyle Williams,3200,WR,24
Kylen Granson,2100,TE,19
Kyler Baugh,3900,DT,11
Kyon Barrs,0750,DT,18
Kyonte Hamilton,2120,DT,33
Kyre Duplessis,1400,WR,3
Kyrese Rowan,1400,WR,6
Kyron Drones,1800,QB,3
L.J. Collier,3800,DE,17
Lake McRee,3900,TE,17
Laki Tasi,2100,NT,4
Lan Larison,3200,RB,39
Lance Mason,3900,TE,1
Lance McCutcheon,2100,WR,7
Lander Barton,4400,ILB,14
Landon Robinson,0920,DT,40
Landon Young,3430,T,23
Laquon Treadwell,2200,WR,5
Larry Borom,1540,T,32
Larry Worth,4500,SS,13
Lathan Ransom,0750,SS,22
Lawrence Cager,5110,TE,27
Layden Robinson,0200,G,30
Layne Pryor,2120,TE,14
Lee Hunter,0750,NT,19
Leo Chenal,5110,OLB,14
Leonard Taylor III,3200,DT,22
Levi Onwuzurike,1540,DE,15
Levi Wentz,3900,WR,20
Lew Nichols III,3900,RB,22
Lewis Bond,2120,WR,19
Liam Anderson,0920,MLB,10
Liam Brown,0920,G,9
Liam Fornadel,3430,T,23
Lil'Jordan Humphrey,1400,WR,10
Logan Taylor,4400,G,50
Lonnie Johnson,2700,FS,29
Loren Strickland,1540,FS,8
Lorenz Metz,3200,T,13
Louis Moore,2700,FS,30
Lucas Krull,1400,TE,21
Lucky Jackson,1540,WR,18
Lukas Van Ness,1800,DE,2
Luke Altmyer,1540,QB,39
Luke Basso,1400,LS,1
Luke Grimm,4400,WR,3
Luke Haggard,4900,T,38
Luke McCaffrey,5110,WR,24
Luke Tenuta,2200,T,51
MJ Devonshire,1800,CB,21
Maason Smith,0200,DT,11
Mack Hollins,3200,WR,10
Mack Wilson,3800,ILB,10
Maema Njongmeta,0750,ILB,17
Major Burns,2700,FS,29
Malachi Moore,3430,SS,19
Malcolm DeWalt IV,0200,CB,18
Malcolm Koonce,2520,DE,10
Malcolm Roach,1400,DT,7
Malick Meiga,0750,WR,9
Malik Benson,2520,WR,17
Malik Cunningham,1540,WR,13
Malik Harrison,3900,ILB,7
Malik Herring,2100,DE,39
Malik McClain,3430,WR,19
Malik Spencer,5110,FS,15
Malik Turner,4500,WR,32
Malik Washington,2700,WR,12
Malik Willis,2700,QB,14
Mani Powell,2100,ILB,15
Mapalo Mwansa,0750,DE,10
MarShawn Lloyd,1800,RB,12
Marcelino McCrary-Ball,3430,OLB,19
Marcellas Dial Jr.,3200,CB,19
Marco Wilson,2700,CB,27
Marcus Bryant,3200,T,38
Marcus Harris,2100,CB,20
Marcus Mariota,5110,QB,4
Mario Goodrich,2100,CB,13
Mark Perry,1800,SS,45
Marlin Klein,2120,TE,10
Marlon Tuipulotu,0200,DT,27
Marlowe Wax,4400,ILB,26
Marques Cox,2700,T,3
Marques Sigle,4500,SS,25
Marquis Hayes,3430,G,20
Marshall Foerner,4900,T,22
Marte Mapu,2120,ILB,26
Marvin Harrison Jr.,3800,WR,10
Mason Kinsey,2100,WR,7
Mason McCormick,3900,G,17
Mason Miller,1540,T,24
Mason Reiger,2700,DE,22
Mason Rudolph,3900,QB,17
Mason Taylor,3430,TE,7
Matt Gulbin,5110,C,40
Matt Peart,1400,T,33
Matt Pryor,3800,T,37
Matthew Bergeron,0200,G,8
Matthew Butler,2700,DT,29
Matthew Golden,1800,WR,9
Max Hurleman,3900,RB,29
Max Llewellyn,2700,DE,26
Max Melton,3800,CB,10
Max Mitchell,3430,T,20
Max Scharping,5110,G,38
McCallan Castles,1800,TE,4
McKinnley Jackson,0920,DT,20
Mehki Butler,3200,G,29
Mekhi Blackmon,2200,CB,19
Mekhi Rodgers,2200,CB,26
Mekhi Wingo,1540,DT,13
Melvin Priestly,1540,T,24
Messiah Swinson,1800,TE,21
Micah Robinson,2100,CB,35
Michael Carter,2100,RB,12
Michael Jerrell,0200,T,38
Michael Mayer,2520,TE,10
Michael Niese,1540,C,24
Michael Taaffe,2700,FS,17
Michael Wilson,3800,WR,6
Micheal Clemons,2200,DE,28
Mike Brown,3200,FS,26
Mike Ford,0200,CB,4
Mike Gesicki,0920,TE,3
Mike Hughes,0200,CB,14
Mike McGlinchey,1400,T,21
Mike Washington Jr.,2520,RB,18
Miles Battle,2700,CB,14
Miles Davis,0750,RB,17
Miles Frazier,1540,G,56
Miles Scott,1400,FS,17
Minkah Fitzpatrick,3430,FS,7
Mitch Van Vooren,3200,TE,3
Mitchell Melton,2200,DE,4
Mitchell Tinsley,0920,WR,12
Mitchell Trubisky,2100,QB,8
Mohamed Kamara,4900,OLB,21
Mory Bamba,3430,CB,44
Murvin Kenion,1800,SS,23
Mykal Walker,3430,MLB,31
Myles Adams,1540,DE,35
Myles Murphy,0920,DE,8
Myles Purchase,4400,CB,14
Nadame Tucker,4400,DE,25
Nakobe Dean,2520,ILB,10
Namdi Obiazor,3200,ILB,25
Naquan Jones,2120,DT,31
Nash Hutmacher,4900,NT,22
Nate Carter,0200,RB,15
Nathan Voorhis,3430,DE,41
Nazeeh Johnson,2100,CB,35
Nazir Stackhouse,1800,DT,33
Nicholas Petit-Frere,5110,T,33
Nicholas Singleton,2100,RB,16
Nick Barrett,4400,DT,26
Nick DeGennaro,3200,WR,44
Nick Hampton,0750,OLB,31
Nick Herbig,3900,OLB,10
Nick Jackson,4900,ILB,30
Nick Martin,4500,OLB,25
Nick McCloud,2700,CB,13
Nick Muse,0200,TE,12
Nick Nash,5110,WR,17
Nick Niemann,1800,MLB,14
Nick Samac,0750,C,31
Nick Westbrook-Ikhine,2200,WR,13
Nick Whiteside,1540,CB,32
Nik Bonitto,1400,OLB,7
Nikko Reed,4400,CB,24
Niklas Henning,2520,T,8
Noah Avinger,4400,FS,6
Noah Thomas,0920,WR,17
Noah Whittington,2120,RB,25
Nyjalik Kelly,1800,OLB,37
Ogbo Okoronkwo,4500,OLB,23
Olamide Zaccheaus,0200,WR,6
Olisaemeka Udoh,3800,T,39
Ollie Gordon II,2700,RB,9
Olumuyiwa Fashanu,3430,T,10
Oluwafemi Oladejo,2100,OLB,22
Omar Cooper Jr.,3430,WR,20
Oren Burks,0920,OLB,13
Orlando Brown,0920,T,12
Oronde Gadsden II,4400,TE,18
Owen Pappoe,3800,ILB,65
Owen Wright,2120,RB,5
PJ Jules,0920,SS,23
Paris Johnson Jr.,3800,T,10
Parker Petersen,0750,DT,13
Paschal Ekeji,3430,DE,31
Pat Bryant,1400,WR,10
Pat Coogan,2100,C,26
Pat Freiermuth,3900,TE,8
Pat Surtain II,1400,CB,8
Patrick Gurd,2520,TE,1
Patrick Johnson,2520,OLB,25
Patrick McMorris,4500,SS,23
Patrick Paul,2700,T,14
Patrick Queen,3900,ILB,12
Patrick Taylor,4500,RB,20
Paul Rubelt,4900,T,34
Payne Durham,4900,TE,14
Payton Page,3430,DT,27
Payton Wilson,3900,ILB,12
Percy Butler,5110,SS,11
Peter Manuma,3200,SS,29
Peter Skoronski,2100,G,21
Pharaoh Brown,2200,TE,33
Phillip Dorsett,2520,WR,14
Pierre Strong,1800,RB,17
Princely Umanmielen,0750,OLB,14
Quan Martin,5110,FS,28
Quay Walker,2520,OLB,10
Que Robinson,1400,OLB,28
Quentin Moore,5110,TE,17
Quincy Skinner Jr.,3430,WR,14
Quinn Ewers,2700,QB,20
Quinn Meinerz,1400,G,21
Quintayvious Hutchins,3200,OLB,29
Quinton Bell,4500,OLB,24
Quinton Newsome,3800,CB,30
Qwuantrezz Knight,5110,CB,18
R.J. Mickens,4400,FS,27
RJ Harvey,1400,RB,11
Raheem Blackshear,1540,RB,14
Rashad Wisdom,4900,FS,35
Rasheed Miller,2100,T,10
Rasul Douglas,5110,CB,14
Raylen Sharpe,2200,WR,28
Rayshawn Jenkins,3900,SS,12
Red Murdock,1400,ILB,46
Reese Taylor,1400,CB,29
Reggie Virgil,3800,WR,77
Reid Holskey,1400,T,46
Ricardo Hallman,1400,CB,12
Ricky Barber,5110,DT,33
Riley Leonard,2200,QB,35
Riley Mahlman,0200,T,12
Riley Moss,1400,CB,13
Riley Nowakowski,3900,TE,11
Riley Wilson,3200,OLB,8
Rivaldo Fairweather,3800,TE,61
Rob Carter Jr.,2200,CB,46
Robert Beal Jr.,2700,DE,22
Robert Henry Jr.,5110,RB,21
Robert Jones,4500,G,41
Robert Rochell,0750,CB,14
Robert Spears-Jennings,3900,FS,34
Robert Tonyan,3900,TE,18
Roc Taylor,0750,WR,4
Rodney McGraw,2700,DE,14
Rodney Shelley,4400,CB,8
Roger McCreary,1540,CB,37
Roman Hemby,2520,RB,7
Roman Parodie,4900,CB,32
Roman Wilson,3900,WR,24
Romello Height,4500,DE,17
Roy Lopez,3800,NT,6
Roydell Williams,2200,RB,5
Russ Yeast,0920,FS,32
Ryan Cooper Jr.,1540,CB,23
Ryan Hayes,0750,T,29
Ryan McCollum,3900,C,23
Ryan Neuzil,0200,C,8
Sahmir Hagans,2200,WR,21
Sai'vion Jones,1400,DE,24
Sam Ehlinger,1400,QB,35
Sam Hagen,2120,T,40
Sam Hartman,5110,QB,34
Sam Hecht,0750,C,36
Sam Scott,3430,RB,10
Samaje Perine,0920,RB,4
Samson Ebukam,0200,DE,15
Savion Williams,1800,WR,21
Scott Matlock,4400,FB,19
Sean Brown,2100,ILB,9
Sean Clifford,0920,QB,9
Sean Fresch,1400,CB,11
Sean Murphy-Bunting,3800,CB,16
Sean Rhyan,1800,G,9
Sean Tucker,4900,RB,20
Sebastian Castro,3900,FS,35
Sebastian Valdez,4500,DT,30
Segun Olubi,2520,OLB,20
Seth McGowan,2200,RB,13
Seth McLaughlin,1540,C,32
Seydou Traore,2700,TE,14
Shaka Heyward,0920,OLB,20
Shawn Bowman,3800,TE,10
Shedrick Jackson,2520,WR,9
Shemar Bartholomew,1800,CB,26
Shy Tuttle,5110,DT,27
Simi Fehoko,3800,WR,40
Sincere McCormick,4500,RB,24
Skyler Gill-Howard,1540,DT,36
Skyy Moore,1800,WR,12
Solomon Byrd,2120,DE,36
Solomon Thomas,2100,DT,13
Sonny Styles,5110,ILB,14
Spencer Anderson,3900,G,21
Spencer Burford,2520,T,10
Starling Thomas V,3800,CB,18
Stephen Hall,2120,CB,39
Stone Forsythe,0750,T,54
Swayze Bozeman,0920,ILB,23
Sydney Brown,0200,SS,32
T.J. Maguranyanga,5110,DE,17
TJ Quinn,1800,ILB,26
Tahj Brooks,0920,RB,16
Tahj Chambers,2200,ILB,14
Tahj Washington,2700,WR,15
Talanoa Hufanga,1400,SS,10
Tamon Lynum,3900,CB,7
Tanner Arkin,3200,TE,13
Tanner Hudson,0920,TE,15
Tanner Wall,2700,FS,15
Tanoa Togiai,5110,DT,40
Tarik Black,1540,WR,13
Taron Johnson,2520,CB,8
Tatum Bethune,4500,MLB,26
Taurean York,1400,ILB,21
Tay Martin,1540,WR,23
TeRah Edwards,4400,DT,24
Teagan Quitoriano,3800,TE,24
Ted Hurst III,4900,WR,20
Ted Karras,0920,C,12
Tedarrell Slaton,0920,DT,5
Tee Higgins,0920,WR,10
Tejhaun Palmer,3200,WR,18
Terrace Marshall Jr.,2700,WR,13
Terry Webb,4400,DT,25
Theo Wease Jr.,2700,WR,11
Thomas Booker,2520,DT,10
Thomas Gordon,1540,TE,21
Thomas Harper,1540,FS,38
Thomas Incoom,0750,OLB,31
Thomas Yassmin,1800,TE,3
Tim Patrick,3430,WR,9
Tim Smith,2200,DT,15
Timmy Horne,2100,DT,21
Titus Leo,4500,DE,30
Tom Kennedy,1540,WR,19
Tommy DeVito,3200,QB,38
Tommy Eichenberg,2520,MLB,21
Tonka Hemingway,2520,DT,6
Tony Adams,2100,SS,17
Tony Pollard,2100,RB,9
Tra Fluellen,1800,SS,11
Travis Burke,4400,T,52
Travis Glover,1800,T,17
Travis Homer,3900,RB,13
Travis Shaw,4900,DT,10
Tre Brown,3430,CB,53
Tre Tucker,2520,WR,9
Tremon Smith,2120,CB,34
Trent Scott,5110,T,35
Trenton Irwin,4500,WR,33
Treven Ma'ae,2520,DT,22
Trevin Wallace,0750,ILB,19
Trevis Gipson,0750,DE,14
Trevor Etienne,0750,RB,13
Trevor Nowaske,1540,MLB,26
Trevor Penning,4400,G,24
Trey Dean III,1800,SS,26
Trey Hill,5110,C,16
Trey Lance,4400,QB,37
Trey McBride,3800,TE,1
Trey Moore,2700,OLB,46
Trey Sermon,0200,RB,5
Trey Washington,2200,FS,25
Trey Zuhn III,2520,G,28
Treydan Stukes,2520,FS,29
Treylon Burks,5110,WR,12
Treyvhon Saunders,2120,WR,17
Tristin McCollum,2520,SS,39
Troy Dye,4400,ILB,10
Troy Fautanu,3900,T,17
Troy Franklin,1400,WR,14
Troy Reeder,1540,ILB,22
Truman Jones,2100,OLB,28
Tua Tagovailoa,0200,QB,8
Tutu Atwell,2700,WR,14
Ty'Ron Hopper,1800,OLB,28
Tycen Anderson,1400,FS,24
Tyjae Spears,2100,RB,12
Tyler Allgeier,3800,RB,6
Tyler Badie,1400,RB,12
Tyler Conklin,1540,TE,15
Tyler Goodson,0200,RB,24
Tyler Lacy,1540,DE,13
Tyler Linderbaum,2520,C,10
Tyler Miller,1400,T,28
Tyler Onyedim,1400,DT,23
Tyler Owens,5110,SS,10
Tyre West,1540,DT,4
Tyrek Funderburk,0750,CB,17
Tyrel Dodson,2700,ILB,22
Tyren Montgomery,2100,WR,6
Tyrod Taylor,1800,QB,12
Tywone Malone,0750,DT,14
Ulysses Bentley IV,2200,RB,14
Valentin Senn,3800,T,51
Van Jefferson,5110,WR,13
Vinny Anthony II,0200,WR,19
Wade Woodaz,2120,ILB,19
Walter Nolen,3800,DT,19
Wan'Dale Robinson,2100,WR,16
Wanya Morris,0200,T,9
Warren Brinson,1800,DT,17
Wesley Grimes,4500,WR,13
West Weeks,2200,ILB,20
Wil Lutz,1400,K,1
Will Harris,5110,SS,34
Will Howard,3900,QB,18
Will Johnson,3800,CB,16
Will Kacmarek,2700,TE,19
Will Lee III,0750,CB,19
Will Levis,2100,QB,18
Will Mallory,2200,TE,34
Will McDonald IV,3430,OLB,7
Will Pauling,4500,WR,13
Will Putnam,2520,C,16
Will Sheppard,1800,WR,14
Willie Gay Jr.,2700,ILB,34
Wyatt Teller,2120,G,10
Wydett Williams Jr.,3800,SS,88
Xavian Sorey Jr.,2520,ILB,15
Xavier Hill,3430,G,23
Xavier Hutchinson,2120,WR,10
Xavier Johnson,0920,WR,10
Xavier McKinney,1800,SS,2
Xavier Newman-Johnson,3430,G,20
Xavier Restrepo,2100,WR,16
Xavier Thomas,4500,OLB,20
Xavier Weaver,3800,WR,42
Xavier Williams,4900,SS,32
Yahya Black,3900,DT,16
Yasir Holmes,4900,DE,15
Zach Allen,1400,DE,5
Zach Frazier,3900,C,17
Zach Harrison,0200,DT,17
Zach Horton,1540,TE,19
Zach Thomas,2100,T,13
Zachariah Branch,0200,WR,28
Zachary Carter,3800,DT,3
Zaire Franklin,1800,MLB,2
Zakee Wheatley,0750,SS,33
Zamir White,4500,RB,6
Zaven Collins,3800,OLB,7
Zayne Anderson,2700,FS,9
